variant_id,chrom,chrom_num,pos,ref,alt,gene_symbol,gene_id,transcript_id,variant_type,consequence,protein_change,codon_change,allele_classification,inheritance_mode,evidence_level,annotation_summary
VAR_SL4_09_007010_01,SL4.0ch09,9,2408520,G,A,Tm-2^2,Solyc09g007010,Solyc09g007010.1.1,SNP,missense_variant,p.Glu520Lys,GAG>AAG,RESISTANT_ALLELE,DOMINANT,LEVEL_1_DEFINITIVE,"Functional missense substitution in CC-NBS-LRR C-terminal domain conferring broad-spectrum durable resistance against Tomato Mosaic Virus (ToMV) and Tobacco Mosaic Virus (TMV)."
VAR_SL4_09_007010_02,SL4.0ch09,9,2408520,G,G,tm-2,Solyc09g007010,Solyc09g007010.1.1,SNP,wild_type_reference,p.Glu520Glu,GAG,SUSCEPTIBLE_ALLELE,RECESSIVE_SUSCEPTIBILITY,LEVEL_1_DEFINITIVE,"Wild-type reference allele lacking ToMV movement protein recognition capability, rendering the plant susceptible to mosaic virus infections."
VAR_SL4_06_051190_01,SL4.0ch06,6,30812450,C,T,Ty-1,Solyc06g051190,Solyc06g051190.1.1,SNP,missense_variant,p.Arg483His,CGC>CAC,RESISTANT_ALLELE,SEMI_DOMINANT,LEVEL_1_DEFINITIVE,"Introgression polymorphism in RNA-dependent RNA polymerase (SlRDR1) that hyperactivates transcriptional gene silencing of begomovirus/geminivirus genomes."
VAR_SL4_11_071430_01,SL4.0ch11,11,51208310,A,G,I-2,Solyc11g071430,Solyc11g071430.1.1,SNP,missense_variant,p.Ile653Val,ATC>GTC,RESISTANT_ALLELE,DOMINANT,LEVEL_1_DEFINITIVE,"NBS-LRR resistance allele recognizing the secreted Avr2 protein of Fusarium oxysporum f. sp. lycopersici race 2."
VAR_SL4_09_005080_01,SL4.0ch09,9,1605420,C,T,Ve1,Solyc09g005080,Solyc09g005080.1.1,SNP,stop_gained_in_susceptible,p.Gln312Ter,CAG>TAG,SUSCEPTIBLE_ALLELE,RECESSIVE_SUSCEPTIBILITY,LEVEL_1_DEFINITIVE,"Premature truncation mutation in the extracellular LRR receptor Ve1 causing loss of Verticillium Ave1 effector recognition."
VAR_SL4_09_005080_02,SL4.0ch09,9,1605420,C,C,Ve1,Solyc09g005080,Solyc09g005080.1.1,SNP,functional_coding,p.Gln312Gln,CAG,RESISTANT_ALLELE,DOMINANT,LEVEL_1_DEFINITIVE,"Intact full-length Ve1 eLRR receptor providing cell surface immune perception against Verticillium dahliae race 1."
VAR_SL4_05_013320_01,SL4.0ch05,5,8412190,G,C,Pto,Solyc05g013320,Solyc05g013320.1.1,SNP,missense_variant,p.Thr204Asp,ACT>GAT,RESISTANT_ALLELE,DOMINANT,LEVEL_1_DEFINITIVE,"Autophosphorylation activation domain variant in Pto Ser/Thr kinase enabling physical complex formation with AvrPto and Prf-mediated signaling."
VAR_SL4_09_092310_01,SL4.0ch09,9,68515640,T,C,Ph-3,Solyc09g092310,Solyc09g092310.1.1,SNP,missense_variant,p.Leu418Pro,CTA>CCA,RESISTANT_ALLELE,SEMI_DOMINANT,LEVEL_1_DEFINITIVE,"Solanum pimpinellifolium introgressed CC-NBS-LRR allele conferring strong broad-spectrum resistance to Phytophthora infestans (Late Blight)."
VAR_SL4_09_098130_01,SL4.0ch09,9,72210500,A,G,Sw-5b,Solyc09g098130,Solyc09g098130.1.1,SNP,missense_variant,p.Phe599Leu,TTT>TTG,RESISTANT_ALLELE,DOMINANT,LEVEL_1_DEFINITIVE,"Solanum peruvianum introgression NBS-LRR locus conferring dominant resistance against Tomato Spotted Wilt Virus (TSWV)."
VAR_SL4_01_006550_01,SL4.0ch01,1,1214800,C,A,Cf-9,Solyc01g006550,Solyc01g006550.1.1,SNP,missense_variant,p.Ser188Tyr,TCT>TAT,RESISTANT_ALLELE,DOMINANT,LEVEL_1_DEFINITIVE,"Receptor-like transmembrane protein with extracellular LRRs conferring resistance to Cladosporium fulvum (Passalora fulva) leaf mold."
VAR_SL4_04_007050_01,SL4.0ch04,4,3809120,G,T,ol-2 / SlMlo1,Solyc04g007050,Solyc04g007050.1.1,SNP,stop_gained,p.Lys270Ter,AAG>TAG,RESISTANT_ALLELE,RECESSIVE,LEVEL_1_DEFINITIVE,"Loss-of-function nonsense mutation in susceptibility gene SlMlo1 conferring recessive broad-spectrum resistance to powdery mildew (Oidium neolycopersici)."
VAR_SL4_06_008650_01,SL4.0ch06,6,2710340,T,C,Mi-1.2,Solyc06g008650,Solyc06g008650.1.1,SNP,missense_variant,p.His382Arg,CAT>CGT,RESISTANT_ALLELE,DOMINANT,LEVEL_1_DEFINITIVE,"Dual resistance NBS-LRR gene providing protective immunity against Root-Knot Nematodes (Meloidogyne spp.) and Potato Aphids (Macrosiphum euphorbiae)."
VAR_SL4_10_008160_01,SL4.0ch10,10,59104220,G,A,u / SlGLK2,Solyc10g008160,Solyc10g008160.1.1,SNP,stop_gained,p.Trp280Ter,TGG>TAG,AGRONOMIC_PHENOTYPE,RECESSIVE,LEVEL_1_DEFINITIVE,"Uniform ripening (u) allele in GLK2 transcription factor producing evenly colored fruit with lower chloroplast development and reduced sugar content."
